{"cameraPosition":{"x":6.756268008805501,"y":5.294105991093358,"z":6.0436150792730166},"callback":"jQuery16208858431351836771_1449543801453","_":1449543822997}