{"cameraPosition":{"x":19.58038713047773,"y":3.5383823085717694,"z":6.248322607830722},"callback":"jQuery16202657728095073253_1449424952474","_":1449424982192}