{"cameraPosition":{"x":17.994696164265438,"y":3.297750152710341,"z":2.2919757385347843},"callback":"jQuery162007816006056964397_1449421355577","_":1449421392733}